<IfModule mod_rewrite.c>
    <IfModule mod_negotiation.c>
        Options -MultiViews -Indexes
    </IfModule>

    RewriteEngine On

    #RewriteCond %{HTTP_HOST} !^bde-ltd\.com [NC]
    #RewriteCond %{HTTP_HOST} !^$
    #RewriteRule ^/?(.*) https://bde-ltd.com/$1 [L,R,NE]

    RewriteRule ^5-european-components-manufacturing-companies$ /top-5-european-electronic-components-manufacturing-companies [R=301,L]
    RewriteRule ^5-facts-about-te-connectivity-products$ /frequently-asked-questions-about-te-connectivity-products [R=301,L]
    RewriteRule ^5-faqs-about-te-connectivity-amp-connectors$ /5-faqs-about-te-connectivity-connector-tools [R=301,L]
    RewriteRule ^5-obsolete-electronic-components-brokers$ /top-5-obsolete-electronic-components-brokers [R=301,L]
    RewriteRule ^5-signs-of-electronic-components-becoming-obsolete$ /5-signs-that-your-electronic-components-are-becoming-obsolete [R=301,L]
    RewriteRule ^5-stocking-distributors-for-electronic-components$ /top-5-stocking-distributors-for-electronic-components [R=301,L]
    RewriteRule ^5-tft-panel-manufacturers-distributors-and-suppliers$ /top-5-tft-panel-manufacturers [R=301,L]
    RewriteRule ^6-best-electronic-parts-distributors-in-china$ /top-6-best-electronic-parts-distributors-in-china [R=301,L]
    RewriteRule ^6-european-distributors-of-electronic-components$ /top-6-european-distributors-of-electronic-components [R=301,L]
    RewriteRule ^9-best-search-engine-for-electronic-components$ /9-best-search-engines-for-electronic-components-sourcing [R=301,L]
    RewriteRule ^american-electronic-contract-manufacturing-companies$ /9-best-american-electronic-contract-manufacturing-companies [R=301,L]
    RewriteRule ^amp-connectors-te-connectivity$ /an-introduction-to-te-connectivity-amp-connectors [R=301,L]
    RewriteRule ^australian-electronic-contract-manufacturing-companies$ /7-best-australian-electronic-contract-manufacturing-companies [R=301,L]
    RewriteRule ^authorised-distribution-partnership-bd-electronics$ /why-make-an-authorised-distribution-partnership-in-europe-with-bd-electronics-ltd-for-electronic-components [R=301,L]
    RewriteRule ^bd-electronics-with-shenzhen-robotlinking-technology$ /bd-electronics-a-partnership-with-shenzhen-robotlinking-technology [R=301,L]
    RewriteRule ^beginners-guide-to-broway-usb-products$ /a-beginners-guide-to-broway-usb-products [R=301,L]
    RewriteRule ^best-european-pcb-companies$ /10-best-european-pcb-companies [R=301,L]
    RewriteRule ^broker-forum$ /an-in-depth-guide-to-understanding-the-broker-forum [R=301,L]
    RewriteRule ^broway-cards-readers$ /broway-cards-readers-leading-technology-in-connectivity [R=301,L]
    RewriteRule ^broway-partner-usb-c$ /usb-c-and-usb-hubs-broway [R=301,L]
    RewriteRule ^chinese-electronic-contract-manufacturing-companies$ /9-best-chinese-electronic-contract-manufacturing-companies [R=301,L]
    RewriteRule ^circuit-breaker-protection-devices-basics$ /understanding-how-circuit-breaker-protection-devices-work [R=301,L]
    RewriteRule ^common-application-of-electronic-gadgets$ /what-are-the-common-application-of-electronic-gadgets [R=301,L]
    RewriteRule ^common-questions-about-diotec-tvs-diodes-answered$ /5-common-questions-about-diotec-tvs-diodes-answered [R=301,L]
    RewriteRule ^custom-electronic-components-in-your-designs$ /the-advantages-of-using-custom-electronic-components-in-your-designs [R=301,L]
    RewriteRule ^digipart$ /digipart-search-engine-for-electronic-components [R=301,L]
    RewriteRule ^diotec$ /diotec-semiconductor-ag [R=301,L]
    RewriteRule ^diotec-transistors-vs-diodes-reviewed$ /a-comparison-between-diotec-transistors-versus-diodes [R=301,L]
    RewriteRule ^discovering-multicultural-job-opportunities-in-malta-with-bd-electronics$ /job-opportunities-in-malta-bd-electronics-ltd [R=301,L]
    RewriteRule ^electronic-component-recycling$ /all-you-need-to-know-about-electronic-component-recycling [R=301,L]
    RewriteRule ^electronic-components-in-bulk$ /where-to-buy-electronic-components-in-bulk-globally [R=301,L]
    RewriteRule ^electronic-gadgets-touch-almost-every-aspect-of-our-lives$ /what-are-the-common-application-of-electronic-gadgets [R=301,L]
    RewriteRule ^electronic-manufacturing-sector-smart-factories$ /smart-factories-effect-on-the-electronic-manufacturing-sector [R=301,L]
    RewriteRule ^electronics-manufacturing-sector$ /vr-ar-their-roles-in-the-electronics-manufacturing-sector [R=301,L]
    RewriteRule ^electronic-switch-power-operations-explained$ /understanding-electronic-switch-powers-how-they-work [R=301,L]
    RewriteRule ^embedded-world-2022$ /embedded-world-2022-the-place-to-be-for-the-worlds-electronic-manufacturers [R=301,L]
    RewriteRule ^embedded-world-2022-electronic-manufacturers$ /embedded-world-2022-the-place-to-be-for-the-worlds-electronic-manufacturers [R=301,L]
    RewriteRule ^environmentally-sustainable-electronic-components$ /designing-environmentally-sustainable-electronic-components [R=301,L]
    RewriteRule ^face-masks-are-important$ /why-is-face-mask-important-and-when-is-it-important [R=301,L]
    RewriteRule ^findchips-1$ /findchips-electronic-components-search-engine [R=301,L]
    RewriteRule ^findchips-website$ /findchipscom [R=301,L]
    RewriteRule ^from-malta-to-worldwide$ /a-sneak-peek-into-malta-s-business-culture [R=301,L]
    RewriteRule ^fronter-electronics-chip-sun-technology-co-ltd$ /introduction-to-fronter-electronics-and-chip-sun-technology [R=301,L]
    RewriteRule ^getting-started-te-connectivity-amp-connector-types$ /an-introduction-to-te-connectivity-amp-connectors [R=301,L]
    RewriteRule ^get-to-know-xsens-inertial-sensor-modules$ /xsens-inertial-sensor-modules [R=301,L]
    RewriteRule ^global-power-technologies-off-grid-power-solutions$ /global-power-technologies-the-best-off-grid-power-solutions [R=301,L]
    RewriteRule ^global-power-technologies-solar-hybrid-power-systems$ /global-power-technologies-all-about-solar-hybrid-power-systems [R=301,L]
    RewriteRule ^gpt-semiconductors$ /where-to-buy-sic-semiconductors [R=301,L]
    RewriteRule ^hobid$ /hobidcom-electronic-components [R=301,L]
    RewriteRule ^hong-ju$ /hongju-the-leading-manufacturer-of-switches [R=301,L]
    RewriteRule ^how-ligitek-leds-work-invisible-vs-visible$ /getting-to-know-ligitek-led-displays-and-lights [R=301,L]
    RewriteRule ^idec-corporation$ /idec-sustainable-and-ecological-solutions-to-electronics [R=301,L]
    RewriteRule ^important-electronic-components-and-their-functions$ /most-important-electronic-components-and-their-functions [R=301,L]
    RewriteRule ^international-internship-program$ /virtual-internship-in-malta-europe [R=301,L]
    RewriteRule ^ivanky-distributor$ /ivanky-cables-and-electronic-accessories [R=301,L]
    RewriteRule ^ivanky-docking-station-review$ /ivanky-docking-stations-an-ultimate-review [R=301,L]
    RewriteRule ^jiangxi-weiqi-electric-co-ltd$ /introduction-to-jiangxi-weiqi-electronic-co-ltd [R=301,L]
    RewriteRule ^lcd-components-and-led-technology$ /ligitek-lcd-components-and-led-technology [R=301,L]
    RewriteRule ^leadtek-display-lcd-partnership$ /leadtek-display-the-leading-lcd-technology [R=301,L]
    RewriteRule ^ligitek-led-displays-and-lights$ /getting-to-know-ligitek-led-displays-and-lights [R=301,L]
    RewriteRule ^ligitek-led-displays-product-guide$ /ligitek-led-displays-products-the-ultimate-guide [R=301,L]
    RewriteRule ^long-lead-time-electronic-parts-lead-times-allocation$ /long-lead-time-electronic-parts-industry-lead-times-and-allocation [R=301,L]
    RewriteRule ^model-of-telephone-invented-by-alexander-graham-bell$ /telephone-was-invented-by-alexander-graham-bell [R=301,L]
    RewriteRule ^murata-manufacturing-sustainable-electronics$ /murata-manufacturing-sustainable-electronics-and-environmentally-friendly-products [R=301,L]
    RewriteRule ^needs-to-seek-for-alternative-electronic-components$ /what-are-the-needs-for-alternative-electronic-component [R=301,L]
    RewriteRule ^netsol-partnership$ /netsol-what-is-the-best-sram [R=301,L]
    RewriteRule ^new-arrivals$ /new-partnership-of-bd-electronics-and-ningbo-golten-electronics-establishes-new-grounds-for-pcb-manufacturing [R=301,L]
    RewriteRule ^obsolete-electronic-components$ /tips-and-strategies-to-manage-obsolete-electronic-components [R=301,L]
    RewriteRule ^octopart$ /octopartcom [R=301,L]
    RewriteRule ^octopart-website$ /octopartcom-27 [R=301,L]
    RewriteRule ^octopart-where-to-buy-electronic-components$ /where-to-buy-electronic-components-in-bulk-globally [R=301,L]
    RewriteRule ^overview-of-xsens-mvn-reports$ /an-overview-of-xsens-mvn-reports [R=301,L]
    RewriteRule ^rampow$ /rampow-the-finest-british-maker-of-usb-cables [R=301,L]
    RewriteRule ^secos-gmbh-german-standard-mosfet$ /secos-gmbh-german-standard-mosfet-and-diodes [R=301,L]
    RewriteRule ^sustainable-electronics-green-electronics$ /sustainable-electronics-sustainability-in-electronic-manufacturing [R=301,L]
    RewriteRule ^te-connectivity-amp-connectors-wire-types$ /5-types-of-te-connectivity-amp-connectors-electrical-wires [R=301,L]
    RewriteRule ^ten-electronic-parts-you-cant-find$ /what-are-the-ten-hard-to-find-electronic-parts [R=301,L]
    RewriteRule ^ten-hard-to-find-electronic-parts$ /what-are-the-ten-hard-to-find-electronic-parts [R=301,L]
    RewriteRule ^the-future-of-the-electronic-component-supply-chain$ /the-future-of-the-electronic-component-supply-chain-predictions-and-innovation [R=301,L]
    RewriteRule ^the-history-behind-the-accidental-microwave$ /the-story-behind-the-accidental-microwave [R=301,L]
    RewriteRule ^the-history-of-the-microwave$ /the-story-behind-the-accidental-microwave [R=301,L]
    RewriteRule ^the-transistor-was-invented-in-1948-at-bell-telephone-laboratories$ /where-was-transistors-invented-and-who-invented-them [R=301,L]
    RewriteRule ^top-5-electronic-chip-distributors-to-check-out$ /top-5-electronic-chip-distributors [R=301,L]
    RewriteRule ^tws-headsets-and-airpods-from-sun-ward$ /high-quality-tws-headsets-and-airpods-from-sun-ward [R=301,L]
    RewriteRule ^ultimate-application-guide-to-crystal-oscillators$ /understanding-crystal-oscillators-an-ultimate-guide [R=301,L]
    RewriteRule ^using-te-connectivity-amp-connectors-crimp-tools$ /a-guide-to-using-te-connectivity-amp-connectors-crimp-tools [R=301,L]
    RewriteRule ^whats-in-2023-for-electronic-components-distributors$ /2022-challenges-and-2023-forecast-for-electronic-component-distributors [R=301,L]
    RewriteRule ^why-you-should-choose-ivanky-cables$ /an-introduction-to-ivanky-and-ivanky-cables [R=301,L]
    RewriteRule ^yageo-company-oveview-bd-electronics-ltd$ /yageo-company-overview [R=301,L]
    RewriteRule ^yageo-corporation-sustainable-electronics$ /yageo-corporation-sustainable-electronics-and-development [R=301,L]
    RewriteRule ^yageo-smart-manufacturing-devices-bd-electronics$ /yageo-smart-manufacturing-devices [R=301,L]


    # product-category
    RewriteRule ^product-category/$ /products [R=301,L]

    RewriteRule ^product-category/circuit-protection/circuit-breaker-protection-devices-explained/$ /products/circuit-protection/circuit-breakers [R=301,L]
    RewriteRule ^product-category/accessories/$ /products [R=301,L]
    RewriteRule ^product-category/clean-room-products/$ /products/anti-static-esd-clean-room-products/clean-room-treatments-cleaners-wipes [R=301,L]
    RewriteRule ^product-category/computers/$ /products/embedded-computers [R=301,L]
    RewriteRule ^product-category/crystal-oscillators/$ /products/crystals-oscillators-resonators [R=301,L]
    RewriteRule ^product-category/driver-boards-modules/$ /products/motors-solenoids-driver-boardsmodules/motor-driver-boards-modules [R=301,L]
    RewriteRule ^product-category/electrical-oscillators/$ /products/crystals-oscillators-resonators/oscillators [R=301,L]
    RewriteRule ^product-category/esd/$ /products/anti-static-esd-clean-room-products [R=301,L]
    RewriteRule ^product-category/fabrication-products/$ /products/prototyping-fabrication-products [R=301,L]
    RewriteRule ^product-category/fans/$ /products/fans-thermal-management/fans-thermal-managements [R=301,L]
    RewriteRule ^product-category/gpt/$ /products [R=301,L]
    RewriteRule ^product-category/mask/$ /products [R=301,L]
    RewriteRule ^product-category/memory-cards/$ /products/memory-cards-modules/memory-cards [R=301,L]
    RewriteRule ^product-category/motors/$ /products/motors-actuators-solenoids-and-drivers/motors-ac-dc [R=301,L]
    RewriteRule ^product-category/office-components/$ /products/computers-office-components-accessories [R=301,L]
    RewriteRule ^product-category/potentiometers/$ /products/potentiometers-variable-resistors [R=301,L]
    RewriteRule ^product-category/power-supplies-external-internal-off-board/$ /products/power-supplies-board-mount [R=301,L]
    RewriteRule ^product-category/prototyping/$ /products/prototyping-fabrication-products [R=301,L]
    RewriteRule ^product-category/rays/$ /products [R=301,L]
    RewriteRule ^product-category/resonators/$ /products/crystals-oscillators-resonators/resonators [R=301,L]
    RewriteRule ^product-category/rf-if-and-rfid/$ /products/rfif-and-rfid [R=301,L]
    RewriteRule ^product-category/sensors/$ /products/sensors-transducers [R=301,L]
    RewriteRule ^product-category/solenoids/$ /products/motors-actuators-solenoids-and-drivers/solenoids [R=301,L]
    RewriteRule ^product-category/static-control/$ /products/static-control-esd-clean-room-products [R=301,L]
    RewriteRule ^product-category/thermal-management/$ /products/integrated-circuits-ics/power-management-pmic/thermal-management [R=301,L]
    RewriteRule ^product-category/transducers/$ /products/sensors-transducers [R=301,L]
    RewriteRule ^product-category/variable-resistors/$ /products/potentiometers-variable-resistors [R=301,L]

    # manufacturers
    RewriteRule ^manufacturers/3g-shielding-distributor-worldwide/$ /supplier/3g-shielding-specialties [R=301,L]
    RewriteRule ^manufacturers/no-1-3m-distributor-in-europe/$ /supplier/3m [R=301,L]
    RewriteRule ^manufacturers/the-best-4d-systems-distributors/$ /supplier/4d-systems [R=301,L]
    RewriteRule ^manufacturers/aavid-thermalloy-heatsinks/$ /supplier/aavid-thermalloy [R=301,L]
    RewriteRule ^manufacturers/the-best-ablic-distributors-in-europe/$ /supplier/ablic-inc [R=301,L]
    RewriteRule ^manufacturers/best-abracon-distributors-worldwide/$ /supplier/abracon-corporation [R=301,L]
    RewriteRule ^manufacturers/the-best-ac-electronics-distributors/$ /supplier/ac-electronics [R=301,L]
    RewriteRule ^manufacturers/the-best-acconeer-distributor-in-europe/$ /supplier/acconeer-ab [R=301,L]
    RewriteRule ^manufacturers/top-aceinna-distributor-worldwide/$ /supplier/aceinna-electric-inc [R=301,L]
    RewriteRule ^manufacturers/ackme-zentri/$ /supplier/akcme-zentri [R=301,L]
    RewriteRule ^manufacturers/distributor-of-actuonix-motion-devices/$ /supplier/actuonix-motion-devices-inc [R=301,L]
    RewriteRule ^manufacturers/the-finest-adam-tech-distributors/$ /supplier/adam-tech [R=301,L]
    RewriteRule ^manufacturers/no-1-adsantech-distributors/$ /supplier/adsantec [R=301,L]
    RewriteRule ^manufacturers/advanced-linear-devices-distributor/$ /supplier/advanced-linear-devices-inc [R=301,L]
    RewriteRule ^manufacturers/advanced-thermal-solutions-bde/$ /supplier/advanced-thermal-solutions-inc [R=301,L]
    RewriteRule ^manufacturers/best-advantech-distributors-in-europe/$ /supplier/advantech [R=301,L]
    RewriteRule ^manufacturers/aearo-technologies-llc/$ /supplier/aearo-technologies-llc-a-3m-company [R=301,L]
    RewriteRule ^manufacturers/molex-medical-cables/$ /supplier/affinity-medical-technologies-molex [R=301,L]
    RewriteRule ^manufacturers/agile-focus-designs-products/$ /supplier/agile-focus-designs [R=301,L]
    RewriteRule ^manufacturers/the-best-alango-distributors-in-europe/$ /supplier/alango [R=301,L]
    RewriteRule ^manufacturers/alfamag-electronicsamgis/$ /supplier/alfamag-electronics-amgis [R=301,L]
    RewriteRule ^manufacturers/allegro-microsystems-distributor/$ /supplier/allegro-microsystems [R=301,L]
    RewriteRule ^manufacturers/alpha-and-omega-semiconductor-inc-bd-electronics/$ /supplier/alpha-and-omega-semiconductor-inc [R=301,L]
    RewriteRule ^manufacturers/alpha-wire-distributor/$ /supplier/alpha-wire [R=301,L]
    RewriteRule ^manufacturers/european-altera-intel-distributors/$ /supplier/altera [R=301,L]
    RewriteRule ^manufacturers/am-equipment-distributor/$ /supplier/am-equipment [R=301,L]
    RewriteRule ^manufacturers/ambiq-micro-inc-distributor/$ /supplier/ambiq-micro-inc [R=301,L]
    RewriteRule ^manufacturers/american-beauty-tools-distributor/$ /supplier/american-beauty-tools [R=301,L]
    RewriteRule ^manufacturers/american-electrical-inc-distributor/$ /supplier/american-electrical-inc [R=301,L]
    RewriteRule ^manufacturers/american-hakko-products-inc-distributor/$ /supplier/american-hakko-products-inc [R=301,L]
    RewriteRule ^manufacturers/american-technical-ceramics-corp/$ /supplier/american-technical-ceramics-crop [R=301,L]
    RewriteRule ^manufacturers/ametherm-distributor/$ /supplier/ametherm-thermistors [R=301,L]
    RewriteRule ^manufacturers/ampere-computing-llc-bd-electronics/$ /supplier/ampere [R=301,L]
    RewriteRule ^manufacturers/amphenol-aerospace-distributor/$ /supplier/amphenol-aerospace [R=301,L]
    RewriteRule ^manufacturers/amphenol-connex-amphenol-rf-distributor/$ /supplier/amphenol-connex-amphenol-rf [R=301,L]
    RewriteRule ^manufacturers/amphenol-nexus-distributors/$ /supplier/amphenol-nexus-technologies [R=301,L]
    RewriteRule ^manufacturers/amphenol-wilcoxon-sensing-distributors/$ /supplier/amphenol-wilcoxon-sensing-technologies [R=301,L]
    RewriteRule ^manufacturers/amulet-technologies-distributors-bd-electronics/$ /supplier/amulet-technologies-llc [R=301,L]
    RewriteRule ^manufacturers/analog-devices-distributor/$ /supplier/analog-devices [R=301,L]
    RewriteRule ^manufacturers/andapt-distributor-bd-electronics/$ /supplier/andapt [R=301,L]
    RewriteRule ^manufacturers/anderson-power-products-distributors-bd-electronics/$ /supplier/anderson-power-products [R=301,L]
    RewriteRule ^manufacturers/andymark-distributor/$ /supplier/andymark [R=301,L]
    RewriteRule ^manufacturers/angstrohm-vishay-distributor/$ /supplier/angstrohm-vishay [R=301,L]
    RewriteRule ^manufacturers/apem-distributor-bd-electronics/$ /supplier/apem-inc [R=301,L]
    RewriteRule ^manufacturers/applied-photon-technology-bd-electronics/$ /supplier/applied-photon-technology [R=301,L]
    RewriteRule ^manufacturers/aras-power-technologies-distributor-bd-electronics-ltd/$ /supplier/aras-power-technologies [R=301,L]
    RewriteRule ^manufacturers/arcus-technology-distributor/$ /supplier/arcus-technology [R=301,L]
    RewriteRule ^manufacturers/arduino-org/$ /supplier/arduino [R=301,L]
    RewriteRule ^manufacturers/aries-electronics-inc-distributor/$ /supplier/aries-electronics-inc [R=301,L]
    RewriteRule ^manufacturers/international-aries-distributors/$ /supplier/aries-embedded-gmbh [R=301,L]
    RewriteRule ^manufacturers/asahi-kasei-microdevices/$ /supplier/asahi-kasei-microdevices-akm-semiconductor [R=301,L]
    RewriteRule ^manufacturers/asentek-corp-distributor/$ /supplier/asentek-corp [R=301,L]
    RewriteRule ^manufacturers/astera-labs-distributor/$ /supplier/astera-labs [R=301,L]
    RewriteRule ^manufacturers/astro-tool-corp-distributor/$ /supplier/astro-tool-corp [R=301,L]
    RewriteRule ^manufacturers/atop-technologies-distributor/$ /supplier/atop-technologies [R=301,L]
    RewriteRule ^manufacturers/atrix-distributor-bd-electronics/$ /supplier/atrix [R=301,L]
    RewriteRule ^manufacturers/attabox-distributor-bd-electronics/$ /supplier/attabox [R=301,L]
    RewriteRule ^manufacturers/atx-led-distributor-bd-electronics/$ /supplier/atx-led [R=301,L]
    RewriteRule ^manufacturers/avmatrix-distributor-bd-electronics/$ /supplier/avmatrix [R=301,L]
    RewriteRule ^manufacturers/recognized-avx-kyocera-distributor/$ /supplier/avx-kyocera [R=301,L]
    RewriteRule ^manufacturers/azoteq-distributor/$ /supplier/azoteq [R=301,L]
    RewriteRule ^manufacturers/bk-precision-products-distributor/$ /supplier/bk-precision [R=301,L]
    RewriteRule ^manufacturers/balluff-distributor/$ /supplier/balluff [R=301,L]
    RewriteRule ^manufacturers/banner-engineering-distributors/$ /supplier/banner-engineering-corporation [R=301,L]
    RewriteRule ^manufacturers/bantam-tools-distributor/$ /supplier/bantam-tools [R=301,L]
    RewriteRule ^manufacturers/battery-world-distributor-bd-electronics/$ /supplier/battery-world [R=301,L]
    RewriteRule ^manufacturers/bayshore-distributor-bd-electronics/$ /supplier/bayshore-networks [R=301,L]
    RewriteRule ^manufacturers/bel-fuse-distributors/$ /supplier/bel-fuse-inc [R=301,L]
    RewriteRule ^manufacturers/bellnix-distributor-bd-electronics/$ /supplier/bellnix-co-ltd [R=301,L]
    RewriteRule ^manufacturers/international-bivar-distributors/$ /supplier/bivar-inc [R=301,L]
    RewriteRule ^manufacturers/blue-clover-devices-distributor/$ /supplier/blue-clover-devices [R=301,L]
    RewriteRule ^manufacturers/bluebird-labs-distributor/$ /supplier/bluebird-labs [R=301,L]
    RewriteRule ^manufacturers/bopla-enclosures-distributor/$ /supplier/bopla-enclosures [R=301,L]
    RewriteRule ^manufacturers/botblox-distributor-bd-electronics/$ /supplier/botblox [R=301,L]
    RewriteRule ^manufacturers/boundary-devices-distributor/$ /supplier/boundary-devices [R=301,L]
    RewriteRule ^manufacturers/the-best-bourns-distributors/$ /supplier/bourns-electronics [R=301,L]
    RewriteRule ^manufacturers/brainboxes-distributor-bd-electronics/$ /supplier/brainboxes [R=301,L]
    RewriteRule ^manufacturers/breadware-distributor/$ /supplier/breadware-inc [R=301,L]
    RewriteRule ^manufacturers/bright-toward-bd-electronics/$ /supplier/bright-toward-industrial-co-ltd [R=301,L]
    RewriteRule ^manufacturers/bright-way-group-distributor-bd-electronics/$ /supplier/bright-way-group [R=301,L]
    RewriteRule ^manufacturers/authorized-european-broadcom-distributor/$ /supplier/broadcom-corporation [R=301,L]
    RewriteRule ^manufacturers/broway-products/$ /supplier/broway [R=301,L]
    RewriteRule ^manufacturers/bud-industries-distributor/$ /supplier/bud-industries-inc [R=301,L]
    RewriteRule ^manufacturers/bulgin-distributors-authorized-in-europe/$ /supplier/bulgin [R=301,L]
    RewriteRule ^manufacturers/bumper-specialties-distributor/$ /supplier/bumper-specialties-inc [R=301,L]
    RewriteRule ^manufacturers/burr-brown-corporation-distributors/$ /supplier/burr-brown-corporation [R=301,L]
    RewriteRule ^manufacturers/authorized-bi-technologies-distributor/$ /supplier/business-intelligence-technologies [R=301,L]
    RewriteRule ^manufacturers/cd-technologies/$ /supplier/c-&-d-technologies [R=301,L]
    RewriteRule ^manufacturers/cci-conductive-containers/$ /supplier/conductive-containers-inc [R=301,L]
    RewriteRule ^manufacturers/cel-californian-eastern-lab/$ /supplier/californian-eastern-laboratories [R=301,L]
    RewriteRule ^manufacturers/chilisin-products/$ /supplier/chilisin-electronics [R=301,L]
    RewriteRule ^manufacturers/chogori-connectors-distributors/$ /supplier/chogori-technologies-inc [R=301,L]
    RewriteRule ^manufacturers/top-cinch-connectivity-distributors/$ /supplier/cinch-connectivity-solutions [R=301,L]
    RewriteRule ^manufacturers/cit-relay-and-switch-distributors/$ /supplier/cit-relay-and-switch [R=301,L]
    RewriteRule ^manufacturers/citizen-finedevice/$ /supplier/citizen-finedevice-co-ltd [R=301,L]
    RewriteRule ^manufacturers/cml-innovative-technologies/$ /supplier/cml-innovative-technologies-ltd [R=301,L]
    RewriteRule ^manufacturers/comchip/$ /supplier/comchip-technology [R=301,L]
    RewriteRule ^manufacturers/authorized-comlink-cable-distributors/$ /supplier/comlink-electronics [R=301,L]
    RewriteRule ^manufacturers/concept-technologie-power-integrations/$ /supplier/power-integrations [R=301,L]
    RewriteRule ^manufacturers/concord-electronics-distributors/$ /supplier/concord-electronics [R=301,L]
    RewriteRule ^manufacturers/cornell-dubilier-electronics-inc/$ /supplier/cornell-dubilier-electronics [R=301,L]
    RewriteRule ^manufacturers/cr-magnetics/$ /supplier/cr-magnetics-inc [R=301,L]
    RewriteRule ^manufacturers/cwindustries/$ /supplier/cw-industries [R=301,L]
    RewriteRule ^manufacturers/global-cypress-authorized-distributors/$ /supplier/cypress-semiconductor-corp [R=301,L]
    RewriteRule ^manufacturers/eu-dialight-authorized-distributor/$ /supplier/dialight-electronics [R=301,L]
    RewriteRule ^manufacturers/digiinternational/$ /supplier/digi-international [R=301,L]
    RewriteRule ^manufacturers/diotec/$ /supplier/diotec-semiconductor [R=301,L]
    RewriteRule ^manufacturers/e-switch-distributors/$ /supplier/e-switch [R=301,L]
    RewriteRule ^manufacturers/e-t-a-circuit-breakers-bd-electronics/$ /supplier/e-t-a-circuit-breakers [R=301,L]
    RewriteRule ^manufacturers/about-easybraid-co/$ /supplier/easybraid-co [R=301,L]
    RewriteRule ^manufacturers/eaton-bussmann-distributors-in-europe/$ /supplier/eaton-bussmann-electrical-division [R=301,L]
    RewriteRule ^manufacturers/edac/$ /supplier/edac-inc [R=301,L]
    RewriteRule ^manufacturers/elna-america-inc-distributors/$ /supplier/elna-america [R=301,L]
    RewriteRule ^manufacturers/embedded-artists-distributor-bd-electronics/$ /supplier/embedded-artists [R=301,L]
    RewriteRule ^manufacturers/erni-electronics-distributors-worldwide/$ /supplier/erni-electronics [R=301,L]
    RewriteRule ^manufacturers/e-t-a-circuit-breakers-products/$ /supplier/eta-circuit-breakers-ltd [R=301,L]
    RewriteRule ^manufacturers/everlight-electronics-products/$ /supplier/everlight-electronics [R=301,L]
    RewriteRule ^manufacturers/everspin-technologies/$ /supplier/everspin-technologies-inc [R=301,L]
    RewriteRule ^manufacturers/exar-corporation-2/$ /supplier/exar-corporation [R=301,L]
    RewriteRule ^manufacturers/fair-rite-products-corp-distributor/$ /supplier/fair-rite-products-corp [R=301,L]
    RewriteRule ^manufacturers/fdk-america-distributor/$ /supplier/fdk-america-inc-a-member-of-fujitsu-group [R=301,L]
    RewriteRule ^manufacturers/fit/$ /supplier/fit-foxconn-interconnect-technology [R=301,L]
    RewriteRule ^manufacturers/fronter-electronics-distributors/$ /supplier/fronter-electronics-chip-sun-technology-co [R=301,L]
    RewriteRule ^manufacturers/ftdi-chip-2/$ /supplier/ftdi-future-technology-devices-international-ltd [R=301,L]
    RewriteRule ^manufacturers/gentherm-of-global-power-technologies/$ /supplier/global-power-technology [R=301,L]
    RewriteRule ^manufacturers/authorized-lighthouse-egypt-distributor/$ /supplier/lighthouse-egypt [R=301,L]
    RewriteRule ^manufacturers/harting-electronics/$ /supplier/harting-technology-group [R=301,L]
    RewriteRule ^manufacturers/helium-distributor/$ /supplier/helium [R=301,L]
    RewriteRule ^manufacturers/hittiteanalog-devices/$ /supplier/hittite [R=301,L]
    RewriteRule ^manufacturers/european-honeywell-distributor/$ /supplier/honeywell [R=301,L]
    RewriteRule ^manufacturers/hongju-switches/$ /supplier/hongju [R=301,L]
    RewriteRule ^manufacturers/i-o-interconnect/$ /supplier/io-interconnect [R=301,L]
    RewriteRule ^manufacturers/iar-systems-software-inc-distributor/$ /supplier/iar-systems-software-inc [R=301,L]
    RewriteRule ^manufacturers/illinoiscapacitor/$ /supplier/illinois-capacitor [R=301,L]
    RewriteRule ^manufacturers/ilsi-america-inc-distributor/$ /supplier/ilsi-america-inc [R=301,L]
    RewriteRule ^manufacturers/industrial-fiber-opticsinc/$ /supplier/industrial-fiber-optics-inc [R=301,L]
    RewriteRule ^manufacturers/insight-sip-distributor/$ /supplier/insight-sip [R=301,L]
    RewriteRule ^manufacturers/integrated-silicon-solution-distributor/$ /supplier/issi-integrated-silicon-solution-inc [R=301,L]
    RewriteRule ^manufacturers/no-1-intersil-corporation-distributor/$ /supplier/intersil-corporation-renesas-electronics [R=301,L]
    RewriteRule ^manufacturers/no-1-isocom-components-distributor/$ /supplier/isocom-components-2004-ltd [R=301,L]
    RewriteRule ^manufacturers/issi/$ /supplier/issi-integrated-silicon-solution-inc [R=301,L]
    RewriteRule ^manufacturers/authorized-ivanky-distributors/$ /supplier [R=301,L]
    RewriteRule ^manufacturers/japan-aviation-electronics-distributor/$ /supplier [R=301,L]
    RewriteRule ^manufacturers/about-jauch-quartz/$ /supplier/jauch-quartz [R=301,L]
    RewriteRule ^manufacturers/authorized-jiangxi-weiqi-distributor/$ /supplier/vybronics-inc [R=301,L]
    RewriteRule ^manufacturers/jkl-components-distributor-in-europe/$ /supplier [R=301,L]
    RewriteRule ^manufacturers/jrc-corporation/$ /supplier/jrc-corporation-njrc [R=301,L]
    RewriteRule ^manufacturers/kaimei-jamicon-distributor-europe/$ /supplier [R=301,L]
    RewriteRule ^manufacturers/kamaya-electric-co-ltd-distributor/$ /supplier/kamaya-inc [R=301,L]
    RewriteRule ^manufacturers/kemet-corporation-distributor-in-europe/$ /supplier/kemet [R=301,L]
    RewriteRule ^manufacturers/kennedy-labs-distributor/$ /supplier/kennedy-labs-a-division-of-hub-incorporated [R=301,L]
    RewriteRule ^manufacturers/kester/$ /supplier/kester-solder [R=301,L]
    RewriteRule ^manufacturers/kitronik/$ /supplier/kitronik-ltd [R=301,L]
    RewriteRule ^manufacturers/knowles-novacap-distributor/$ /supplier/knowles-novacap [R=301,L]
    RewriteRule ^manufacturers/1250689/$ /supplier/kyocera-display [R=301,L]
    RewriteRule ^manufacturers/laird-thermal-systems/$ /supplier/laird-thermal-systems-inc [R=301,L]
    RewriteRule ^manufacturers/leader-tech/$ /supplier/leader-tech-inc [R=301,L]
    RewriteRule ^manufacturers/lecroyteledyne-lecroy/$ /supplier/teledyne-lecroy [R=301,L]
    RewriteRule ^manufacturers/lem-usainc/$ /supplier/lem-usa-inc [R=301,L]
    RewriteRule ^manufacturers/ligitek-led-display-products/$ /supplier/ligitek-electronics-group [R=301,L]
    RewriteRule ^manufacturers/martel-electronics-distributor/$ /supplier/martel-electronics [R=301,L]
    RewriteRule ^manufacturers/marutsuelec-distributor/$ /supplier/marutsuelec-co-ltd [R=301,L]
    RewriteRule ^manufacturers/master-appliance-corp/$ /supplier/master-appliance-co [R=301,L]
    RewriteRule ^manufacturers/maxim-integrated-distributor-bde-2/$ /supplier/maxim-integrated [R=301,L]
    RewriteRule ^manufacturers/mean-well-distributor-bde/$ /supplier/mean-well [R=301,L]
    RewriteRule ^manufacturers/micro-commercial-components/$ /supplier/micro-commercial-components-mcc [R=301,L]
    RewriteRule ^manufacturers/micro-sys/$ /supplier/microsys-inc [R=301,L]
    RewriteRule ^manufacturers/the-best-micron-technology-distributor/$ /supplier/micron-technology-inc [R=301,L]
    RewriteRule ^manufacturers/mikroelektronika-distributor/$ /supplier/mikroelektronika [R=301,L]
    RewriteRule ^manufacturers/mpd/$ /supplier/mpd-memory-protection-devices [R=301,L]
    RewriteRule ^manufacturers/mps/$ /supplier/monolithic-power-systems-inc [R=301,L]
    RewriteRule ^manufacturers/mueller-electric-co-distributor/$ /supplier/mueller-electric-co [R=301,L]
    RewriteRule ^manufacturers/multi-tech-systemsinc/$ /supplier/multi-tech-systems-inc [R=301,L]
    RewriteRule ^manufacturers/netsol/$ /supplier/netsol-technologies [R=301,L]
    RewriteRule ^manufacturers/nexperia-distributor-bde/$ /supplier/nexperia-usa-inc [R=301,L]
    RewriteRule ^manufacturers/nichicon-distributor-bde/$ /supplier/nichicon [R=301,L]
    RewriteRule ^manufacturers/nippon-chemi-con-distributor-bde/$ /supplier/nippon-chemi-con [R=301,L]
    RewriteRule ^manufacturers/nkk-switches-distributor-bde/$ /supplier/nkk-switches [R=301,L]
    RewriteRule ^manufacturers/nmb-technologies/$ /supplier/nmb-technologies-corporation [R=301,L]
    RewriteRule ^manufacturers/norcomp-distributor-bde/$ /supplier/norcomp [R=301,L]
    RewriteRule ^manufacturers/nordic-semiconductor/$ /supplier/nordic-semiconductor-asa [R=301,L]
    RewriteRule ^manufacturers/nuvoton-technology/$ /supplier/nuvoton-technology-corporation [R=301,L]
    RewriteRule ^manufacturers/nvent-hoffman-2/$ /supplier/nvent-hoffman [R=301,L]
    RewriteRule ^manufacturers/nxp-semiconductors-distributors/$ /supplier/nxp-semiconductors [R=301,L]
    RewriteRule ^manufacturers/opulent-americas-distributor/$ /supplier/opulent-americas [R=301,L]
    RewriteRule ^manufacturers/highly-recognized-panasonic-distributor/$ /supplier/panasonic [R=301,L]
    RewriteRule ^manufacturers/panduit-distributor-bd-electronics/$ /supplier/panduit [R=301,L]
    RewriteRule ^manufacturers/patco-electronics-distributor/$ /supplier/patco-electronics [R=301,L]
    RewriteRule ^manufacturers/peregrine-semiconductors-bde/$ /supplier/peregrine-semiconductor [R=301,L]
    RewriteRule ^manufacturers/phoenix-contact-distributor-bde/$ /supplier/phoenix-contact [R=301,L]
    RewriteRule ^manufacturers/pi-supply-distributor/$ /supplier/pi-supply [R=301,L]
    RewriteRule ^manufacturers/piher-sensors-products/$ /supplier/amphenol-piher-sensing-systems [R=301,L]
    RewriteRule ^manufacturers/precision-electronic-components-ltd/$ /supplier/precision-electronics-corporation [R=301,L]
    RewriteRule ^manufacturers/pui-audio-inc-distributor/$ /supplier/pui-audio-inc [R=301,L]
    RewriteRule ^manufacturers/epcos-rf360-distributor/$ /supplier/qualcomm [R=301,L]
    RewriteRule ^manufacturers/qualtek-electronics/$ /supplier/qualtek-electronics-corp [R=301,L]
    RewriteRule ^manufacturers/raf-distributor/$ /supplier/raf [R=301,L]
    RewriteRule ^manufacturers/rampow-cable-distributor-in-europe/$ /supplier/rampow [R=301,L]
    RewriteRule ^manufacturers/rf-digital-distributor/$ /supplier/rf-digital [R=301,L]
    RewriteRule ^manufacturers/rigado-distributor/$ /supplier/rigado [R=301,L]
    RewriteRule ^manufacturers/sagrad/$ /supplier/sagrad-inc [R=301,L]
    RewriteRule ^manufacturers/samsung-electro-mechanics-americainc/$ /supplier/samsung-electro-mechanics-america-inc [R=301,L]
    RewriteRule ^manufacturers/about-samsung-semiconductor/$ /supplier/samsung-semiconductor [R=301,L]
    RewriteRule ^manufacturers/sanken-electric/$ /supplier/sanken-electric-co-ltd [R=301,L]
    RewriteRule ^manufacturers/sanyodenki/$ /supplier/sanyo-denki [R=301,L]
    RewriteRule ^manufacturers/seiko-instruments-distributors/$ /supplier/seiko-instruments-inc [R=301,L]
    RewriteRule ^manufacturers/sensata-airpax-distributors/$ /supplier/sensata-airpax [R=301,L]
    RewriteRule ^manufacturers/no-1-sensata-technologies-distributors/$ /supplier/sensata-technologies-airpax [R=301,L]
    RewriteRule ^manufacturers/shenzhen-yuanruixin-distributor/$ /supplier/shenzhen-yuanruixin-electronics [R=301,L]
    RewriteRule ^manufacturers/skyworks-solutions/$ /supplier/skyworks-solutions-inc [R=301,L]
    RewriteRule ^manufacturers/soc-technologies-system-on-chip-technologies/$ /supplier/socomec [R=301,L]
    RewriteRule ^manufacturers/souriau-connection-technology-bde/$ /supplier/souriau [R=301,L]
    RewriteRule ^manufacturers/cypress-semiconductors/$ /supplier/spansion [R=301,L]
    RewriteRule ^manufacturers/sparkfun-electronics-2/$ /supplier/sparkfun-electronics [R=301,L]
    RewriteRule ^manufacturers/ssi-technologies/$ /supplier/ssi-technologies-inc [R=301,L]
    RewriteRule ^manufacturers/sst-sensing-distributor/$ /supplier/sst-sensing-ltd [R=301,L]
    RewriteRule ^manufacturers/stackpole-electronics/$ /supplier/sst-sensing-ltd [R=301,L]
    RewriteRule ^manufacturers/staco-energy-products/$ /supplier/staco-energy-products-company [R=301,L]
    RewriteRule ^manufacturers/stmicoelectronics/$ /supplier/stmicroelectronics [R=301,L]
    RewriteRule ^manufacturers/sullins-connector-distributors/$ /supplier/sullins-connector-solutions [R=301,L]
    RewriteRule ^manufacturers/sun-ward-tws-audio-products/$ /supplier [R=301,L]
    RewriteRule ^manufacturers/sunled-distributor/$ /supplier/sunled [R=301,L]
    RewriteRule ^manufacturers/swanstrom-tools/$ /supplier/swanstrom-tools-usa [R=301,L]
    RewriteRule ^manufacturers/tadiran-baterries/$ /supplier/tadiran-batteries [R=301,L]
    RewriteRule ^manufacturers/tag-connect/$ /supplier/tag-connect-llc [R=301,L]
    RewriteRule ^manufacturers/taitien-distributor/$ /supplier/taitien [R=301,L]
    RewriteRule ^manufacturers/talema/$ /supplier/talema-group-llc [R=301,L]
    RewriteRule ^manufacturers/taoglas/$ /supplier/taoglas-limited [R=301,L]
    RewriteRule ^manufacturers/te-connectivity-distributors/$ /supplier/te-connectivity [R=301,L]
    RewriteRule ^manufacturers/te-amp-connectors-distributors/$ /supplier/amp-te-connectivity [R=301,L]
    RewriteRule ^manufacturers/tensility-international-corporation-distributor/$ /supplier/tensility-international-corp [R=301,L]
    RewriteRule ^manufacturers/times-microwave-systems/$ /supplier/amphenol-times-microwave-systems [R=301,L]
    RewriteRule ^manufacturers/torex-semiconductor/$ /supplier/torex-semiconductor-ltd [R=301,L]
    RewriteRule ^manufacturers/tt-electronics-welwyn-distributor/$ /supplier/tt-electronicswelwyn [R=301,L]
    RewriteRule ^manufacturers/twin-industries-distributor-bd-electronics/$ /supplier/twin-industries [R=301,L]
    RewriteRule ^manufacturers/u-s-sensor/$ /supplier/us-sensor [R=301,L]
    RewriteRule ^manufacturers/udoo-distributor-bd-electronics/$ /supplier/udoo [R=301,L]
    RewriteRule ^manufacturers/vicor-distributors-in-europe/$ /supplier/vicor [R=301,L]
    RewriteRule ^manufacturers/visual-communications-company/$ /supplier/visual-communications-company-vcc [R=301,L]
    RewriteRule ^manufacturers/western-design-center-distributor/$ /supplier/western-design-center [R=301,L]
    RewriteRule ^manufacturers/bomar-winchester-electronics/$ /supplier/winchester-electronics [R=301,L]
    RewriteRule ^manufacturers/winchester-interconnect-distributors/$ /supplier/winchester-interconnect [R=301,L]
    RewriteRule ^manufacturers/xeltek/$ /supplier/xeltek-inc [R=301,L]
    RewriteRule ^manufacturers/xsens/$ /supplier/xsens-technologies-bv [R=301,L]
    RewriteRule ^manufacturer/3g-shielding-distributor-worldwide/$ /supplier/3g-shielding-specialties [R=301,L]
    RewriteRule ^manufacturer/no-1-3m-distributor-in-europe/$ /supplier/3m [R=301,L]
    RewriteRule ^manufacturer/the-best-4d-systems-distributors/$ /supplier/4d-systems [R=301,L]
    RewriteRule ^manufacturer/aavid-thermalloy-heatsinks/$ /supplier/aavid-thermalloy [R=301,L]
    RewriteRule ^manufacturer/the-best-ablic-distributors-in-europe/$ /supplier/ablic-inc [R=301,L]
    RewriteRule ^manufacturer/best-abracon-distributors-worldwide/$ /supplier/abracon-corporation [R=301,L]
    RewriteRule ^manufacturer/the-best-ac-electronics-distributors/$ /supplier/ac-electronics [R=301,L]
    RewriteRule ^manufacturer/the-best-acconeer-distributor-in-europe/$ /supplier/acconeer-ab [R=301,L]
    RewriteRule ^manufacturer/top-aceinna-distributor-worldwide/$ /supplier/aceinna-electric-inc [R=301,L]
    RewriteRule ^manufacturer/ackme-zentri/$ /supplier/akcme-zentri [R=301,L]
    RewriteRule ^manufacturer/distributor-of-actuonix-motion-devices/$ /supplier/actuonix-motion-devices-inc [R=301,L]
    RewriteRule ^manufacturer/the-finest-adam-tech-distributors/$ /supplier/adam-tech [R=301,L]
    RewriteRule ^manufacturer/no-1-adsantech-distributors/$ /supplier/adsantec [R=301,L]
    RewriteRule ^manufacturer/advanced-linear-devices-distributor/$ /supplier/advanced-linear-devices-inc [R=301,L]
    RewriteRule ^manufacturer/advanced-thermal-solutions-bde/$ /supplier/advanced-thermal-solutions-inc [R=301,L]
    RewriteRule ^manufacturer/best-advantech-distributors-in-europe/$ /supplier/advantech [R=301,L]
    RewriteRule ^manufacturer/aearo-technologies-llc/$ /supplier/aearo-technologies-llc-a-3m-company [R=301,L]
    RewriteRule ^manufacturer/molex-medical-cables/$ /supplier/affinity-medical-technologies-molex [R=301,L]
    RewriteRule ^manufacturer/agile-focus-designs-products/$ /supplier/agile-focus-designs [R=301,L]
    RewriteRule ^manufacturer/the-best-alango-distributors-in-europe/$ /supplier/alango [R=301,L]
    RewriteRule ^manufacturer/alfamag-electronicsamgis/$ /supplier/alfamag-electronics-amgis [R=301,L]
    RewriteRule ^manufacturer/allegro-microsystems-distributor/$ /supplier/allegro-microsystems [R=301,L]
    RewriteRule ^manufacturer/alpha-and-omega-semiconductor-inc-bd-electronics/$ /supplier/alpha-and-omega-semiconductor-inc [R=301,L]
    RewriteRule ^manufacturer/alpha-wire-distributor/$ /supplier/alpha-wire [R=301,L]
    RewriteRule ^manufacturer/european-altera-intel-distributors/$ /supplier/altera [R=301,L]
    RewriteRule ^manufacturer/am-equipment-distributor/$ /supplier/am-equipment [R=301,L]
    RewriteRule ^manufacturer/ambiq-micro-inc-distributor/$ /supplier/ambiq-micro-inc [R=301,L]
    RewriteRule ^manufacturer/american-beauty-tools-distributor/$ /supplier/american-beauty-tools [R=301,L]
    RewriteRule ^manufacturer/american-electrical-inc-distributor/$ /supplier/american-electrical-inc [R=301,L]
    RewriteRule ^manufacturer/american-hakko-products-inc-distributor/$ /supplier/american-hakko-products-inc [R=301,L]
    RewriteRule ^manufacturer/american-technical-ceramics-corp/$ /supplier/american-technical-ceramics-crop [R=301,L]
    RewriteRule ^manufacturer/ametherm-distributor/$ /supplier/ametherm-thermistors [R=301,L]
    RewriteRule ^manufacturer/ampere-computing-llc-bd-electronics/$ /supplier/ampere [R=301,L]
    RewriteRule ^manufacturer/amphenol-aerospace-distributor/$ /supplier/amphenol-aerospace [R=301,L]
    RewriteRule ^manufacturer/amphenol-connex-amphenol-rf-distributor/$ /supplier/amphenol-connex-amphenol-rf [R=301,L]
    RewriteRule ^manufacturer/amphenol-nexus-distributors/$ /supplier/amphenol-nexus-technologies [R=301,L]
    RewriteRule ^manufacturer/amphenol-wilcoxon-sensing-distributors/$ /supplier/amphenol-wilcoxon-sensing-technologies [R=301,L]
    RewriteRule ^manufacturer/amulet-technologies-distributors-bd-electronics/$ /supplier/amulet-technologies-llc [R=301,L]
    RewriteRule ^manufacturer/analog-devices-distributor/$ /supplier/analog-devices [R=301,L]
    RewriteRule ^manufacturer/andapt-distributor-bd-electronics/$ /supplier/andapt [R=301,L]
    RewriteRule ^manufacturer/anderson-power-products-distributors-bd-electronics/$ /supplier/anderson-power-products [R=301,L]
    RewriteRule ^manufacturer/andymark-distributor/$ /supplier/andymark [R=301,L]
    RewriteRule ^manufacturer/angstrohm-vishay-distributor/$ /supplier/angstrohm-vishay [R=301,L]
    RewriteRule ^manufacturer/apem-distributor-bd-electronics/$ /supplier/apem-inc [R=301,L]
    RewriteRule ^manufacturer/applied-photon-technology-bd-electronics/$ /supplier/applied-photon-technology [R=301,L]
    RewriteRule ^manufacturer/aras-power-technologies-distributor-bd-electronics-ltd/$ /supplier/aras-power-technologies [R=301,L]
    RewriteRule ^manufacturer/arcus-technology-distributor/$ /supplier/arcus-technology [R=301,L]
    RewriteRule ^manufacturer/arduino-org/$ /supplier/arduino [R=301,L]
    RewriteRule ^manufacturer/aries-electronics-inc-distributor/$ /supplier/aries-electronics-inc [R=301,L]
    RewriteRule ^manufacturer/international-aries-distributors/$ /supplier/aries-embedded-gmbh [R=301,L]
    RewriteRule ^manufacturer/asahi-kasei-microdevices/$ /supplier/asahi-kasei-microdevices-akm-semiconductor [R=301,L]
    RewriteRule ^manufacturer/asentek-corp-distributor/$ /supplier/asentek-corp [R=301,L]
    RewriteRule ^manufacturer/astera-labs-distributor/$ /supplier/astera-labs [R=301,L]
    RewriteRule ^manufacturer/astro-tool-corp-distributor/$ /supplier/astro-tool-corp [R=301,L]
    RewriteRule ^manufacturer/atop-technologies-distributor/$ /supplier/atop-technologies [R=301,L]
    RewriteRule ^manufacturer/atrix-distributor-bd-electronics/$ /supplier/atrix [R=301,L]
    RewriteRule ^manufacturer/attabox-distributor-bd-electronics/$ /supplier/attabox [R=301,L]
    RewriteRule ^manufacturer/atx-led-distributor-bd-electronics/$ /supplier/atx-led [R=301,L]
    RewriteRule ^manufacturer/avmatrix-distributor-bd-electronics/$ /supplier/avmatrix [R=301,L]
    RewriteRule ^manufacturer/recognized-avx-kyocera-distributor/$ /supplier/avx-kyocera [R=301,L]
    RewriteRule ^manufacturer/azoteq-distributor/$ /supplier/azoteq [R=301,L]
    RewriteRule ^manufacturer/bk-precision-products-distributor/$ /supplier/bk-precision [R=301,L]
    RewriteRule ^manufacturer/balluff-distributor/$ /supplier/balluff [R=301,L]
    RewriteRule ^manufacturer/banner-engineering-distributors/$ /supplier/banner-engineering-corporation [R=301,L]
    RewriteRule ^manufacturer/bantam-tools-distributor/$ /supplier/bantam-tools [R=301,L]
    RewriteRule ^manufacturer/battery-world-distributor-bd-electronics/$ /supplier/battery-world [R=301,L]
    RewriteRule ^manufacturer/bayshore-distributor-bd-electronics/$ /supplier/bayshore-networks [R=301,L]
    RewriteRule ^manufacturer/bel-fuse-distributors/$ /supplier/bel-fuse-inc [R=301,L]
    RewriteRule ^manufacturer/bellnix-distributor-bd-electronics/$ /supplier/bellnix-co-ltd [R=301,L]
    RewriteRule ^manufacturer/international-bivar-distributors/$ /supplier/bivar-inc [R=301,L]
    RewriteRule ^manufacturer/blue-clover-devices-distributor/$ /supplier/blue-clover-devices [R=301,L]
    RewriteRule ^manufacturer/bluebird-labs-distributor/$ /supplier/bluebird-labs [R=301,L]
    RewriteRule ^manufacturer/bopla-enclosures-distributor/$ /supplier/bopla-enclosures [R=301,L]
    RewriteRule ^manufacturer/botblox-distributor-bd-electronics/$ /supplier/botblox [R=301,L]
    RewriteRule ^manufacturer/boundary-devices-distributor/$ /supplier/boundary-devices [R=301,L]
    RewriteRule ^manufacturer/the-best-bourns-distributors/$ /supplier/bourns-electronics [R=301,L]
    RewriteRule ^manufacturer/brainboxes-distributor-bd-electronics/$ /supplier/brainboxes [R=301,L]
    RewriteRule ^manufacturer/breadware-distributor/$ /supplier/breadware-inc [R=301,L]
    RewriteRule ^manufacturer/bright-toward-bd-electronics/$ /supplier/bright-toward-industrial-co-ltd [R=301,L]
    RewriteRule ^manufacturer/bright-way-group-distributor-bd-electronics/$ /supplier/bright-way-group [R=301,L]
    RewriteRule ^manufacturer/authorized-european-broadcom-distributor/$ /supplier/broadcom-corporation [R=301,L]
    RewriteRule ^manufacturer/broway-products/$ /supplier/broway [R=301,L]
    RewriteRule ^manufacturer/bud-industries-distributor/$ /supplier/bud-industries-inc [R=301,L]
    RewriteRule ^manufacturer/bulgin-distributors-authorized-in-europe/$ /supplier/bulgin [R=301,L]
    RewriteRule ^manufacturer/bumper-specialties-distributor/$ /supplier/bumper-specialties-inc [R=301,L]
    RewriteRule ^manufacturer/burr-brown-corporation-distributors/$ /supplier/burr-brown-corporation [R=301,L]
    RewriteRule ^manufacturer/authorized-bi-technologies-distributor/$ /supplier/business-intelligence-technologies [R=301,L]
    RewriteRule ^manufacturer/cd-technologies/$ /supplier/c-&-d-technologies [R=301,L]
    RewriteRule ^manufacturer/cci-conductive-containers/$ /supplier/conductive-containers-inc [R=301,L]
    RewriteRule ^manufacturer/cel-californian-eastern-lab/$ /supplier/californian-eastern-laboratories [R=301,L]
    RewriteRule ^manufacturer/chilisin-products/$ /supplier/chilisin-electronics [R=301,L]
    RewriteRule ^manufacturer/chogori-connectors-distributors/$ /supplier/chogori-technologies-inc [R=301,L]
    RewriteRule ^manufacturer/top-cinch-connectivity-distributors/$ /supplier/cinch-connectivity-solutions [R=301,L]
    RewriteRule ^manufacturer/cit-relay-and-switch-distributors/$ /supplier/cit-relay-and-switch [R=301,L]
    RewriteRule ^manufacturer/citizen-finedevice/$ /supplier/citizen-finedevice-co-ltd [R=301,L]
    RewriteRule ^manufacturer/cml-innovative-technologies/$ /supplier/cml-innovative-technologies-ltd [R=301,L]
    RewriteRule ^manufacturer/comchip/$ /supplier/comchip-technology [R=301,L]
    RewriteRule ^manufacturer/authorized-comlink-cable-distributors/$ /supplier/comlink-electronics [R=301,L]
    RewriteRule ^manufacturer/concept-technologie-power-integrations/$ /supplier/power-integrations [R=301,L]
    RewriteRule ^manufacturer/concord-electronics-distributors/$ /supplier/concord-electronics [R=301,L]
    RewriteRule ^manufacturer/cornell-dubilier-electronics-inc/$ /supplier/cornell-dubilier-electronics [R=301,L]
    RewriteRule ^manufacturer/cr-magnetics/$ /supplier/cr-magnetics-inc [R=301,L]
    RewriteRule ^manufacturer/cwindustries/$ /supplier/cw-industries [R=301,L]
    RewriteRule ^manufacturer/global-cypress-authorized-distributors/$ /supplier/cypress-semiconductor-corp [R=301,L]
    RewriteRule ^manufacturer/eu-dialight-authorized-distributor/$ /supplier/dialight-electronics [R=301,L]
    RewriteRule ^manufacturer/digiinternational/$ /supplier/digi-international [R=301,L]
    RewriteRule ^manufacturer/diotec/$ /supplier/diotec-semiconductor [R=301,L]
    RewriteRule ^manufacturer/e-switch-distributors/$ /supplier/e-switch [R=301,L]
    RewriteRule ^manufacturer/e-t-a-circuit-breakers-bd-electronics/$ /supplier/e-t-a-circuit-breakers [R=301,L]
    RewriteRule ^manufacturer/about-easybraid-co/$ /supplier/easybraid-co [R=301,L]
    RewriteRule ^manufacturer/eaton-bussmann-distributors-in-europe/$ /supplier/eaton-bussmann-electrical-division [R=301,L]
    RewriteRule ^manufacturer/edac/$ /supplier/edac-inc [R=301,L]
    RewriteRule ^manufacturer/elna-america-inc-distributors/$ /supplier/elna-america [R=301,L]
    RewriteRule ^manufacturer/embedded-artists-distributor-bd-electronics/$ /supplier/embedded-artists [R=301,L]
    RewriteRule ^manufacturer/erni-electronics-distributors-worldwide/$ /supplier/erni-electronics [R=301,L]
    RewriteRule ^manufacturer/e-t-a-circuit-breakers-products/$ /supplier/eta-circuit-breakers-ltd [R=301,L]
    RewriteRule ^manufacturer/everlight-electronics-products/$ /supplier/everlight-electronics [R=301,L]
    RewriteRule ^manufacturer/everspin-technologies/$ /supplier/everspin-technologies-inc [R=301,L]
    RewriteRule ^manufacturer/exar-corporation-2/$ /supplier/exar-corporation [R=301,L]
    RewriteRule ^manufacturer/fair-rite-products-corp-distributor/$ /supplier/fair-rite-products-corp [R=301,L]
    RewriteRule ^manufacturer/fdk-america-distributor/$ /supplier/fdk-america-inc-a-member-of-fujitsu-group [R=301,L]
    RewriteRule ^manufacturer/fit/$ /supplier/fit-foxconn-interconnect-technology [R=301,L]
    RewriteRule ^manufacturer/fronter-electronics-distributors/$ /supplier/fronter-electronics-chip-sun-technology-co [R=301,L]
    RewriteRule ^manufacturer/ftdi-chip-2/$ /supplier/ftdi-future-technology-devices-international-ltd [R=301,L]
    RewriteRule ^manufacturer/gentherm-of-global-power-technologies/$ /supplier/global-power-technology [R=301,L]
    RewriteRule ^manufacturer/authorized-lighthouse-egypt-distributor/$ /supplier/lighthouse-egypt [R=301,L]
    RewriteRule ^manufacturer/harting-electronics/$ /supplier/harting-technology-group [R=301,L]
    RewriteRule ^manufacturer/helium-distributor/$ /supplier/helium [R=301,L]
    RewriteRule ^manufacturer/hittiteanalog-devices/$ /supplier/hittite [R=301,L]
    RewriteRule ^manufacturer/european-honeywell-distributor/$ /supplier/honeywell [R=301,L]
    RewriteRule ^manufacturer/hongju-switches/$ /supplier/hongju [R=301,L]
    RewriteRule ^manufacturer/i-o-interconnect/$ /supplier/io-interconnect [R=301,L]
    RewriteRule ^manufacturer/iar-systems-software-inc-distributor/$ /supplier/iar-systems-software-inc [R=301,L]
    RewriteRule ^manufacturer/illinoiscapacitor/$ /supplier/illinois-capacitor [R=301,L]
    RewriteRule ^manufacturer/ilsi-america-inc-distributor/$ /supplier/ilsi-america-inc [R=301,L]
    RewriteRule ^manufacturer/industrial-fiber-opticsinc/$ /supplier/industrial-fiber-optics-inc [R=301,L]
    RewriteRule ^manufacturer/insight-sip-distributor/$ /supplier/insight-sip [R=301,L]
    RewriteRule ^manufacturer/integrated-silicon-solution-distributor/$ /supplier/issi-integrated-silicon-solution-inc [R=301,L]
    RewriteRule ^manufacturer/no-1-intersil-corporation-distributor/$ /supplier/intersil-corporation-renesas-electronics [R=301,L]
    RewriteRule ^manufacturer/no-1-isocom-components-distributor/$ /supplier/isocom-components-2004-ltd [R=301,L]
    RewriteRule ^manufacturer/issi/$ /supplier/issi-integrated-silicon-solution-inc [R=301,L]
    RewriteRule ^manufacturer/authorized-ivanky-distributors/$ /supplier [R=301,L]
    RewriteRule ^manufacturer/japan-aviation-electronics-distributor/$ /supplier [R=301,L]
    RewriteRule ^manufacturer/about-jauch-quartz/$ /supplier/jauch-quartz [R=301,L]
    RewriteRule ^manufacturer/authorized-jiangxi-weiqi-distributor/$ /supplier/vybronics-inc [R=301,L]
    RewriteRule ^manufacturer/jkl-components-distributor-in-europe/$ /supplier [R=301,L]
    RewriteRule ^manufacturer/jrc-corporation/$ /supplier/jrc-corporation-njrc [R=301,L]
    RewriteRule ^manufacturer/kaimei-jamicon-distributor-europe/$ /supplier [R=301,L]
    RewriteRule ^manufacturer/kamaya-electric-co-ltd-distributor/$ /supplier/kamaya-inc [R=301,L]
    RewriteRule ^manufacturer/kemet-corporation-distributor-in-europe/$ /supplier/kemet [R=301,L]
    RewriteRule ^manufacturer/kennedy-labs-distributor/$ /supplier/kennedy-labs-a-division-of-hub-incorporated [R=301,L]
    RewriteRule ^manufacturer/kester/$ /supplier/kester-solder [R=301,L]
    RewriteRule ^manufacturer/kitronik/$ /supplier/kitronik-ltd [R=301,L]
    RewriteRule ^manufacturer/knowles-novacap-distributor/$ /supplier/knowles-novacap [R=301,L]
    RewriteRule ^manufacturer/1250689/$ /supplier/kyocera-display [R=301,L]
    RewriteRule ^manufacturer/laird-thermal-systems/$ /supplier/laird-thermal-systems-inc [R=301,L]
    RewriteRule ^manufacturer/leader-tech/$ /supplier/leader-tech-inc [R=301,L]
    RewriteRule ^manufacturer/lecroyteledyne-lecroy/$ /supplier/teledyne-lecroy [R=301,L]
    RewriteRule ^manufacturer/lem-usainc/$ /supplier/lem-usa-inc [R=301,L]
    RewriteRule ^manufacturer/ligitek-led-display-products/$ /supplier/ligitek-electronics-group [R=301,L]
    RewriteRule ^manufacturer/martel-electronics-distributor/$ /supplier/martel-electronics [R=301,L]
    RewriteRule ^manufacturer/marutsuelec-distributor/$ /supplier/marutsuelec-co-ltd [R=301,L]
    RewriteRule ^manufacturer/master-appliance-corp/$ /supplier/master-appliance-co [R=301,L]
    RewriteRule ^manufacturer/maxim-integrated-distributor-bde-2/$ /supplier/maxim-integrated [R=301,L]
    RewriteRule ^manufacturer/mean-well-distributor-bde/$ /supplier/mean-well [R=301,L]
    RewriteRule ^manufacturer/micro-commercial-components/$ /supplier/micro-commercial-components-mcc [R=301,L]
    RewriteRule ^manufacturer/micro-sys/$ /supplier/microsys-inc [R=301,L]
    RewriteRule ^manufacturer/the-best-micron-technology-distributor/$ /supplier/micron-technology-inc [R=301,L]
    RewriteRule ^manufacturer/mikroelektronika-distributor/$ /supplier/mikroelektronika [R=301,L]
    RewriteRule ^manufacturer/mpd/$ /supplier/mpd-memory-protection-devices [R=301,L]
    RewriteRule ^manufacturer/mps/$ /supplier/monolithic-power-systems-inc [R=301,L]
    RewriteRule ^manufacturer/mueller-electric-co-distributor/$ /supplier/mueller-electric-co [R=301,L]
    RewriteRule ^manufacturer/multi-tech-systemsinc/$ /supplier/multi-tech-systems-inc [R=301,L]
    RewriteRule ^manufacturer/netsol/$ /supplier/netsol-technologies [R=301,L]
    RewriteRule ^manufacturer/nexperia-distributor-bde/$ /supplier/nexperia-usa-inc [R=301,L]
    RewriteRule ^manufacturer/nichicon-distributor-bde/$ /supplier/nichicon [R=301,L]
    RewriteRule ^manufacturer/nippon-chemi-con-distributor-bde/$ /supplier/nippon-chemi-con [R=301,L]
    RewriteRule ^manufacturer/nkk-switches-distributor-bde/$ /supplier/nkk-switches [R=301,L]
    RewriteRule ^manufacturer/nmb-technologies/$ /supplier/nmb-technologies-corporation [R=301,L]
    RewriteRule ^manufacturer/norcomp-distributor-bde/$ /supplier/norcomp [R=301,L]
    RewriteRule ^manufacturer/nordic-semiconductor/$ /supplier/nordic-semiconductor-asa [R=301,L]
    RewriteRule ^manufacturer/nuvoton-technology/$ /supplier/nuvoton-technology-corporation [R=301,L]
    RewriteRule ^manufacturer/nvent-hoffman-2/$ /supplier/nvent-hoffman [R=301,L]
    RewriteRule ^manufacturer/nxp-semiconductors-distributors/$ /supplier/nxp-semiconductors [R=301,L]
    RewriteRule ^manufacturer/opulent-americas-distributor/$ /supplier/opulent-americas [R=301,L]
    RewriteRule ^manufacturer/highly-recognized-panasonic-distributor/$ /supplier/panasonic [R=301,L]
    RewriteRule ^manufacturer/panduit-distributor-bd-electronics/$ /supplier/panduit [R=301,L]
    RewriteRule ^manufacturer/patco-electronics-distributor/$ /supplier/patco-electronics [R=301,L]
    RewriteRule ^manufacturer/peregrine-semiconductors-bde/$ /supplier/peregrine-semiconductor [R=301,L]
    RewriteRule ^manufacturer/phoenix-contact-distributor-bde/$ /supplier/phoenix-contact [R=301,L]
    RewriteRule ^manufacturer/pi-supply-distributor/$ /supplier/pi-supply [R=301,L]
    RewriteRule ^manufacturer/piher-sensors-products/$ /supplier/amphenol-piher-sensing-systems [R=301,L]
    RewriteRule ^manufacturer/precision-electronic-components-ltd/$ /supplier/precision-electronics-corporation [R=301,L]
    RewriteRule ^manufacturer/pui-audio-inc-distributor/$ /supplier/pui-audio-inc [R=301,L]
    RewriteRule ^manufacturer/epcos-rf360-distributor/$ /supplier/qualcomm [R=301,L]
    RewriteRule ^manufacturer/qualtek-electronics/$ /supplier/qualtek-electronics-corp [R=301,L]
    RewriteRule ^manufacturer/raf-distributor/$ /supplier/raf [R=301,L]
    RewriteRule ^manufacturer/rampow-cable-distributor-in-europe/$ /supplier/rampow [R=301,L]
    RewriteRule ^manufacturer/rf-digital-distributor/$ /supplier/rf-digital [R=301,L]
    RewriteRule ^manufacturer/rigado-distributor/$ /supplier/rigado [R=301,L]
    RewriteRule ^manufacturer/sagrad/$ /supplier/sagrad-inc [R=301,L]
    RewriteRule ^manufacturer/samsung-electro-mechanics-americainc/$ /supplier/samsung-electro-mechanics-america-inc [R=301,L]
    RewriteRule ^manufacturer/about-samsung-semiconductor/$ /supplier/samsung-semiconductor [R=301,L]
    RewriteRule ^manufacturer/sanken-electric/$ /supplier/sanken-electric-co-ltd [R=301,L]
    RewriteRule ^manufacturer/sanyodenki/$ /supplier/sanyo-denki [R=301,L]
    RewriteRule ^manufacturer/seiko-instruments-distributors/$ /supplier/seiko-instruments-inc [R=301,L]
    RewriteRule ^manufacturer/sensata-airpax-distributors/$ /supplier/sensata-airpax [R=301,L]
    RewriteRule ^manufacturer/no-1-sensata-technologies-distributors/$ /supplier/sensata-technologies-airpax [R=301,L]
    RewriteRule ^manufacturer/shenzhen-yuanruixin-distributor/$ /supplier/shenzhen-yuanruixin-electronics [R=301,L]
    RewriteRule ^manufacturer/skyworks-solutions/$ /supplier/skyworks-solutions-inc [R=301,L]
    RewriteRule ^manufacturer/soc-technologies-system-on-chip-technologies/$ /supplier/socomec [R=301,L]
    RewriteRule ^manufacturer/souriau-connection-technology-bde/$ /supplier/souriau [R=301,L]
    RewriteRule ^manufacturer/cypress-semiconductors/$ /supplier/spansion [R=301,L]
    RewriteRule ^manufacturer/sparkfun-electronics-2/$ /supplier/sparkfun-electronics [R=301,L]
    RewriteRule ^manufacturer/ssi-technologies/$ /supplier/ssi-technologies-inc [R=301,L]
    RewriteRule ^manufacturer/sst-sensing-distributor/$ /supplier/sst-sensing-ltd [R=301,L]
    RewriteRule ^manufacturer/stackpole-electronics/$ /supplier/sst-sensing-ltd [R=301,L]
    RewriteRule ^manufacturer/staco-energy-products/$ /supplier/staco-energy-products-company [R=301,L]
    RewriteRule ^manufacturer/stmicoelectronics/$ /supplier/stmicroelectronics [R=301,L]
    RewriteRule ^manufacturer/sullins-connector-distributors/$ /supplier/sullins-connector-solutions [R=301,L]
    RewriteRule ^manufacturer/sun-ward-tws-audio-products/$ /supplier [R=301,L]
    RewriteRule ^manufacturer/sunled-distributor/$ /supplier/sunled [R=301,L]
    RewriteRule ^manufacturer/swanstrom-tools/$ /supplier/swanstrom-tools-usa [R=301,L]
    RewriteRule ^manufacturer/tadiran-baterries/$ /supplier/tadiran-batteries [R=301,L]
    RewriteRule ^manufacturer/tag-connect/$ /supplier/tag-connect-llc [R=301,L]
    RewriteRule ^manufacturer/taitien-distributor/$ /supplier/taitien [R=301,L]
    RewriteRule ^manufacturer/talema/$ /supplier/talema-group-llc [R=301,L]
    RewriteRule ^manufacturer/taoglas/$ /supplier/taoglas-limited [R=301,L]
    RewriteRule ^manufacturer/te-connectivity-distributors/$ /supplier/te-connectivity [R=301,L]
    RewriteRule ^manufacturer/te-amp-connectors-distributors/$ /supplier/amp-te-connectivity [R=301,L]
    RewriteRule ^manufacturer/tensility-international-corporation-distributor/$ /supplier/tensility-international-corp [R=301,L]
    RewriteRule ^manufacturer/times-microwave-systems/$ /supplier/amphenol-times-microwave-systems [R=301,L]
    RewriteRule ^manufacturer/torex-semiconductor/$ /supplier/torex-semiconductor-ltd [R=301,L]
    RewriteRule ^manufacturer/tt-electronics-welwyn-distributor/$ /supplier/tt-electronicswelwyn [R=301,L]
    RewriteRule ^manufacturer/twin-industries-distributor-bd-electronics/$ /supplier/twin-industries [R=301,L]
    RewriteRule ^manufacturer/u-s-sensor/$ /supplier/us-sensor [R=301,L]
    RewriteRule ^manufacturer/udoo-distributor-bd-electronics/$ /supplier/udoo [R=301,L]
    RewriteRule ^manufacturer/vicor-distributors-in-europe/$ /supplier/vicor [R=301,L]
    RewriteRule ^manufacturer/visual-communications-company/$ /supplier/visual-communications-company-vcc [R=301,L]
    RewriteRule ^manufacturer/western-design-center-distributor/$ /supplier/western-design-center [R=301,L]
    RewriteRule ^manufacturer/bomar-winchester-electronics/$ /supplier/winchester-electronics [R=301,L]
    RewriteRule ^manufacturer/winchester-interconnect-distributors/$ /supplier/winchester-interconnect [R=301,L]
    RewriteRule ^manufacturer/xeltek/$ /supplier/xeltek-inc [R=301,L]
    RewriteRule ^manufacturer/xsens/$ /supplier/xsens-technologies-bv [R=301,L]

    # product-category/capacitors
    RewriteRule ^product-category/([^/]+)/?$ /products/$1 [R=301,L]

    # product-category/accessories/page/2/
    RewriteRule ^product-category/([^/]+)/page/(\d+)/?$ /products/$1/page-$2 [R=301,L]

    # product-category/capacitors/film-capacitors/
    RewriteRule ^product-category/([^/]+)/([^/]+)/?$ /products/$1/$2 [R=301,L]

    # /shop/any
    RewriteRule ^shop/([^/]+)$ /products [R=301,L]

    # shop/memory-cards/2701013/
    RewriteRule ^shop/([^/]+)/([^/]+)/?$ /product/$2 [R=301,L]

    # manufacturers
    RewriteRule ^manufacturers/$ /supplier [R=301,L]

    # manufacturers/no-1-3m-distributor-in-europe/
    RewriteRule ^manufacturers/([^/]+)/?$ /supplier/$1 [R=301,L]

    # manufacturer
    RewriteRule ^manufacturer/$ /supplier [R=301,L]

    # manufacturer/no-1-3m-distributor-in-europe/
    RewriteRule ^manufacturer/([^/]+)/?$ /supplier/$1 [R=301,L]

    # shop
    RewriteRule ^shop/$ /products [R=301,L]

    # get-quote
    RewriteRule ^get-quote/$ /request-quote [R=301,L]

    # contact, partners, careers
    RewriteRule ^(contact|partners|careers)/?$ /about-us [R=301,L]

    # terms-and-conditions
    RewriteRule ^terms-and-conditions/$ /terms-conditions [R=301,L]

    # blog
    RewriteRule ^blog/$ /applications [R=301,L]

    # series, type, type-1, type-2, display-type, tool-type
    RewriteRule ^(series|type|type-1|type-2|display-type|tool-type)/([^/]+)?$ /products [R=301,L]

    # package-case, detailed-description
    RewriteRule ^package-case/([^/]+)?$ /products [R=301,L]
    RewriteRule ^detailed-description/([^/]+)?$ /products [R=301,L]

    # blog/page
    RewriteRule ^blog/page/([^/]+)?$ / [R=301,L]

    # Handle Authorization Header
    RewriteCond %{HTTP:Authorization} .
    RewriteRule .* - [E=HTTP_AUTHORIZATION:%{HTTP:Authorization}]

    # Redirect Trailing Slashes If Not A Folder...
    RewriteCond %{REQUEST_FILENAME} !-d
    RewriteCond %{REQUEST_URI} (.+)/$
    RewriteRule ^ %1 [L,R=301]

    # Send Requests To Front Controller...
    RewriteCond %{REQUEST_FILENAME} !-d
    RewriteCond %{REQUEST_FILENAME} !-f
    RewriteRule ^ index.php [L]

</IfModule>
